playerID,yearID,stint,teamID,lgID,W,L,G,GS,CG,SHO,SV,IPouts,H,ER,HR,BB,SO,ERA,IBB,WP,HBP,BK,BFP,GF,R
devinjo01,2005,1,ATL,NL,0,1,5,0,0,0,0,15,6,7,2,5,3,12.6,1,0,0,0,26,1,7
verlaju01,2005,1,DET,AL,0,2,2,2,0,0,0,34,15,9,1,5,7,7.15,0,1,1,0,54,0,9
campijo01,2005,1,SEA,AL,0,0,2,1,0,0,0,6,1,0,0,1,1,0,0,0,0,0,9,1,0
jenksbo01,2005,1,CHA,AL,1,1,32,0,0,0,6,118,34,12,3,15,50,2.75,3,4,1,0,168,18,15
maholpa01,2005,1,PIT,NL,3,1,6,6,0,0,0,124,31,10,2,17,26,2.18,0,0,3,0,168,0,10
yabuke01,2005,1,OAK,AL,4,0,40,0,0,0,1,174,64,29,6,26,44,4.5,3,2,8,0,262,15,34
kooda01,2005,1,NYN,NL,0,0,33,0,0,0,0,69,22,10,2,13,23,3.91,1,0,2,0,106,4,12
meddebr01,2005,1,ARI,NL,4,1,27,0,0,0,0,91,21,6,2,11,31,1.78,0,1,1,0,122,10,6
mcgowdu01,2005,1,TOR,AL,1,3,13,7,0,0,0,136,49,32,7,17,34,6.35,0,7,7,0,205,2,34
streehu01,2005,1,OAK,AL,5,1,67,0,0,0,23,235,53,15,3,26,72,1.72,4,1,2,0,306,47,17
thompju02,2005,1,TEX,AL,0,0,2,0,0,0,0,5,4,4,2,0,1,21.6,0,0,0,0,9,2,4
howeljp01,2005,1,KCA,AL,3,5,15,15,0,0,0,218,73,50,9,39,54,6.19,0,7,6,0,328,0,55
vargaja01,2005,1,FLO,NL,5,5,17,13,1,0,0,221,71,33,4,31,59,4.03,4,0,4,0,325,0,34
meredcl01,2005,1,BOS,AL,0,0,3,0,0,0,0,7,6,7,1,4,0,27,0,1,1,0,18,0,7
oxsprch01,2005,1,SDN,NL,0,0,5,0,0,0,0,36,9,5,2,6,11,3.75,0,0,0,0,49,0,8
webbjo01,2005,1,TBA,AL,0,1,1,1,0,0,0,12,6,8,1,4,2,18,0,0,1,0,23,0,8
rupejo01,2005,1,TEX,AL,1,0,4,1,0,0,0,29,7,3,0,4,6,2.79,0,1,2,0,39,1,4
harrije02,2005,1,SEA,AL,2,5,11,8,0,0,0,161,48,25,9,20,25,4.19,2,0,3,0,227,1,27
reyesan01,2005,1,SLN,NL,1,1,4,1,0,0,0,40,6,4,2,4,12,2.7,1,2,0,0,51,0,4
kuoho01,2005,1,LAN,NL,0,1,9,0,0,0,0,16,5,4,1,5,10,6.75,1,0,0,1,26,0,4
feldmsc01,2005,1,TEX,AL,0,1,8,0,0,0,0,28,9,1,0,2,4,0.96,1,0,0,0,37,3,1
sherrge01,2005,1,SEA,AL,4,3,29,0,0,0,0,57,13,11,3,7,24,5.21,2,0,1,0,77,2,12
raych01,2005,1,BAL,AL,1,3,41,0,0,0,0,122,34,12,5,18,43,2.66,3,0,1,1,174,8,15
staufti01,2005,1,SDN,NL,3,6,15,14,0,0,0,243,92,48,10,29,49,5.33,0,0,2,0,355,0,50
accarje01,2005,1,SFN,NL,1,5,28,0,0,0,0,89,26,13,2,9,16,3.94,1,1,1,0,124,7,13
alvarab01,2005,1,BOS,AL,0,0,2,0,0,0,0,7,6,4,1,0,1,15.43,0,0,0,0,13,1,4
marcush01,2005,1,TOR,AL,0,0,5,0,0,0,0,24,6,0,0,4,4,0,0,0,0,0,32,3,0
gorzeto01,2005,1,PIT,NL,0,1,3,1,0,0,0,18,10,8,1,3,3,12,0,0,0,0,32,0,8
bakersc02,2005,1,MIN,AL,3,3,10,9,0,0,0,161,48,20,5,14,32,3.35,0,0,0,0,217,0,21
kensilo01,2005,1,FLO,NL,0,0,3,0,0,0,0,17,11,7,2,3,4,11.12,0,0,0,0,31,0,7
papeljo01,2005,1,BOS,AL,3,1,17,3,0,0,0,102,33,10,4,17,34,2.65,2,1,3,0,148,4,11
orvelch01,2005,1,TBA,AL,3,3,37,0,0,0,1,150,47,20,4,23,43,3.6,2,0,1,0,220,9,26
evelada01,2005,1,MIL,NL,1,1,27,0,0,0,1,95,40,21,2,18,23,5.97,3,1,1,0,146,3,21
pennha01,2005,1,BAL,AL,3,2,8,8,0,0,0,115,46,27,6,21,18,6.34,3,3,0,1,178,0,30
kazmisc01,2005,1,TBA,AL,10,9,32,32,0,0,0,558,172,78,12,100,174,3.77,3,7,10,1,818,0,90
thompbr01,2005,1,SLN,NL,4,0,40,0,0,0,1,165,46,18,5,15,29,2.95,2,0,4,0,225,8,22
esposmi01,2005,1,COL,NL,0,2,3,3,0,0,0,44,21,11,3,9,5,6.75,1,0,0,0,73,0,11
bullibr01,2005,1,PIT,NL,0,0,1,0,0,0,0,4,1,2,0,1,1,13.5,0,0,1,0,7,0,2
schmost01,2005,1,LAN,NL,2,2,48,0,0,0,3,140,47,26,4,22,29,5.01,2,0,3,1,205,14,29
jamesch03,2005,1,ATL,NL,0,0,2,0,0,0,0,17,4,1,0,3,5,1.59,0,1,0,0,23,0,1
blantjo01,2005,1,OAK,AL,12,12,33,33,2,0,0,604,178,79,23,67,116,3.53,3,4,5,2,835,0,86
crainje01,2005,1,MIN,AL,12,5,75,0,0,0,1,239,61,24,6,29,25,2.71,7,2,5,0,326,17,28
hansecr01,2005,1,BOS,AL,0,0,4,0,0,0,0,9,6,2,1,1,3,6,0,0,0,0,16,1,2
hillri01,2005,1,CHN,NL,0,2,10,4,0,0,0,71,25,24,3,17,21,9.13,1,0,1,0,115,1,24
cappsma01,2005,1,PIT,NL,0,0,4,0,0,0,0,12,5,2,0,0,3,4.5,0,0,1,0,16,0,2
mainejo01,2005,1,BAL,AL,2,3,10,8,0,0,0,120,39,28,8,24,24,6.3,0,0,1,1,184,1,30
hernafe02,2005,1,SEA,AL,4,4,12,12,0,0,0,253,61,25,5,23,77,2.67,0,3,2,0,328,0,26
rasneda01,2005,1,WAS,NL,0,1,5,1,0,0,0,22,5,3,0,2,4,3.68,1,0,2,0,31,1,3
halsebr01,2005,1,ARI,NL,8,12,28,26,0,0,0,480,191,82,20,39,82,4.61,3,2,9,1,700,1,101
broxtjo01,2005,1,LAN,NL,1,0,14,0,0,0,0,41,13,9,0,12,22,5.93,2,2,1,0,68,5,11
cainma01,2005,1,SFN,NL,2,1,7,7,1,0,0,139,24,12,4,19,30,2.33,1,1,0,0,181,0,12
francje01,2005,1,COL,NL,14,12,33,33,0,0,0,551,228,116,26,70,128,5.68,5,2,8,0,828,0,119
mccarbr01,2005,1,CHA,AL,3,2,12,10,0,0,0,201,62,30,13,17,48,4.03,0,1,2,1,277,0,30
bergmja01,2005,1,WAS,NL,2,0,15,1,0,0,0,59,14,6,1,11,21,2.75,1,0,2,0,85,4,6
bushda01,2005,1,TOR,AL,5,11,25,24,2,0,0,409,142,68,20,29,75,4.49,3,2,13,0,575,1,73
henslcl01,2005,1,SDN,NL,1,1,24,1,0,0,0,143,33,9,0,17,28,1.7,2,2,0,0,189,5,12
johnsjo09,2005,1,FLO,NL,0,0,4,1,0,0,0,37,11,5,0,10,10,3.65,0,0,1,0,55,0,5
baylijo01,2005,1,KCA,AL,0,0,11,0,0,0,0,35,7,6,2,4,10,4.63,0,0,2,0,48,7,6
olsensc01,2005,1,FLO,NL,1,1,5,4,0,0,0,61,21,9,5,10,21,3.98,0,1,0,0,91,0,13
nippedu01,2005,1,ARI,NL,1,0,3,3,0,0,0,44,10,9,1,13,11,5.52,0,1,1,0,68,0,9
loeka01,2005,1,TEX,AL,9,6,48,8,0,0,1,276,89,35,7,31,45,3.42,6,2,2,0,392,13,43
saundjo01,2005,1,LAA,AL,0,0,2,2,0,0,0,28,10,8,3,4,4,7.71,0,1,0,0,41,0,8
ringro01,2005,1,NYN,NL,0,2,15,0,0,0,0,32,10,6,0,10,8,5.06,1,0,0,0,51,2,6
demarch01,2005,1,KCA,AL,1,0,8,0,0,0,0,27,14,9,3,5,11,9,0,1,0,0,44,5,10
breslcr01,2005,1,SDN,NL,0,0,14,0,0,0,0,49,15,4,1,13,14,2.2,0,1,1,0,78,3,6
cormila01,2005,1,ARI,NL,7,3,67,0,0,0,0,238,86,45,7,43,63,5.11,5,6,5,0,356,13,50
volqued01,2005,1,TEX,AL,0,4,6,3,0,0,0,38,25,20,3,10,11,14.21,0,0,2,0,75,0,22
bulgeja01,2005,1,ARI,NL,1,0,9,0,0,0,0,30,14,6,1,5,9,5.4,1,0,0,0,48,5,6
floydga01,2005,1,PHI,NL,1,2,7,4,0,0,0,78,30,29,5,16,17,10.04,2,2,3,0,127,0,31
leagubr01,2005,1,TOR,AL,1,0,20,0,0,0,0,107,42,26,8,20,17,6.56,1,5,2,0,162,4,27
resopch01,2005,1,FLO,NL,2,0,15,0,0,0,0,51,22,16,1,9,15,8.47,0,3,1,0,80,6,16
dukeza01,2005,1,PIT,NL,8,2,14,14,0,0,0,254,79,17,3,23,58,1.81,2,1,2,0,341,0,20
speiery01,2005,1,COL,NL,2,1,22,0,0,0,0,74,26,10,0,13,10,3.65,0,2,1,0,111,10,12
hennebr01,2005,1,SFN,NL,5,8,21,21,0,0,0,355,127,61,15,52,64,4.64,3,3,4,1,521,0,63
siscoan01,2005,1,KCA,AL,2,5,67,0,0,0,0,226,68,26,6,42,76,3.11,4,2,2,0,329,13,27
davieky01,2005,1,ATL,NL,7,6,21,14,0,0,0,263,98,48,8,49,62,4.93,5,4,1,0,403,2,51
gassnda01,2005,1,MIN,AL,1,0,2,2,0,0,0,23,9,5,1,1,2,5.87,0,0,0,0,34,0,7
wilsocj01,2005,1,TEX,AL,1,7,24,6,0,0,1,144,63,37,5,18,30,6.94,1,4,2,1,220,5,39
houltdj01,2005,1,LAN,NL,6,9,35,19,0,0,0,387,145,74,21,52,90,5.16,3,2,8,0,578,4,79
mcbrima01,2005,1,ATL,NL,1,0,23,0,0,0,1,42,18,9,0,7,22,5.79,0,2,0,0,68,4,11
muntesc01,2005,1,SFN,NL,2,0,45,0,0,0,0,116,40,11,1,12,11,2.56,1,1,1,0,159,7,15
lerewan01,2005,1,ATL,NL,0,0,7,0,0,0,0,24,9,5,1,5,5,5.62,2,0,0,0,37,4,5
burgoam01,2005,1,KCA,AL,3,5,59,0,0,0,2,190,60,28,6,31,65,3.98,1,8,5,2,278,17,29
johnsty01,2005,1,SLN,NL,0,0,5,0,0,0,0,8,3,0,0,3,4,0,0,0,0,0,13,1,0
carvama01,2005,1,COL,NL,0,2,39,0,0,0,0,159,52,30,8,21,47,5.09,0,4,3,0,229,11,30
liriafr01,2005,1,MIN,AL,1,2,6,4,0,0,0,71,19,15,4,7,33,5.7,0,0,0,0,93,2,15
santaer01,2005,1,LAA,AL,12,8,23,23,1,1,0,401,139,69,17,47,99,4.65,2,4,8,0,583,0,73
youngch03,2005,1,TEX,AL,12,7,31,31,0,0,0,494,162,78,19,45,137,4.26,2,3,7,0,700,0,84
delcama01,2005,1,BOS,AL,0,0,10,0,0,0,0,27,8,3,0,7,9,3,0,0,1,0,41,2,3
florero01,2005,1,OAK,AL,0,0,11,0,0,0,0,26,8,1,1,0,6,1.04,0,1,0,0,34,4,1
bazaryo01,2005,1,FLO,NL,0,0,1,0,0,0,0,5,5,4,0,2,2,21.6,0,1,0,0,12,0,5
woodyma01,2005,1,DET,AL,0,0,3,0,0,0,0,18,4,1,1,0,3,1.5,0,0,0,0,22,0,1
calica01,2005,1,SLN,NL,0,0,6,0,0,0,0,18,10,7,3,6,5,10.5,1,1,0,0,33,3,8
burnsmi01,2005,1,HOU,NL,0,0,27,0,0,0,0,93,29,17,6,8,20,4.94,1,1,5,0,136,10,18
bajenje01,2005,1,CHA,AL,0,0,4,0,0,0,0,13,4,3,2,0,3,6.23,0,1,0,0,18,3,3
nunezle01,2005,1,KCA,AL,3,2,41,0,0,0,0,161,73,45,9,18,32,7.55,2,1,3,0,246,10,45
garcija01,2005,1,OAK,AL,0,0,3,0,0,0,0,9,2,1,0,1,1,3,0,1,0,0,12,3,1
osorifr01,2005,1,LAN,NL,0,2,24,0,0,0,0,89,28,13,3,8,15,3.94,0,0,3,0,122,6,14
taschja01,2005,1,SFN,NL,2,0,24,0,0,0,0,68,15,4,0,13,19,1.59,0,0,0,0,95,7,5
bowyetr01,2005,1,MIN,AL,0,1,8,0,0,0,0,29,10,6,3,3,12,5.59,0,1,1,0,42,5,6
messera01,2005,1,FLO,NL,0,0,29,0,0,0,0,111,39,22,5,30,29,5.35,7,1,0,0,178,8,22
atchisc01,2005,1,SEA,AL,0,0,6,0,0,0,0,20,7,5,1,1,9,6.75,0,0,0,0,27,2,5
rakeraa01,2005,1,BAL,AL,1,0,10,0,0,0,0,41,11,5,3,3,11,3.29,0,0,0,0,55,1,5
rodriwa01,2005,1,HOU,NL,10,10,25,22,0,0,0,386,135,79,19,53,80,5.53,2,3,8,3,560,0,82
tejedro01,2005,1,PHI,NL,4,3,26,13,0,0,0,257,67,34,5,51,72,3.57,4,3,8,1,371,5,36
padilju01,2005,1,NYN,NL,3,1,24,0,0,0,1,109,24,6,0,13,17,1.49,2,0,2,0,149,5,7
stemlst01,2005,1,KCA,AL,0,0,6,0,0,0,0,32,10,6,0,4,9,5.06,0,0,0,0,43,1,6
britoeu01,2005,1,PHI,NL,1,2,6,5,0,0,0,66,20,9,2,11,15,3.68,1,0,2,1,94,0,9
vanbuje01,2005,1,CHN,NL,0,2,6,0,0,0,0,18,2,2,0,9,3,3,2,0,0,0,27,1,2
coffeto01,2005,1,CIN,NL,4,1,57,0,0,0,1,174,84,29,5,11,26,4.5,2,1,5,0,265,14,33
willira01,2005,1,SDN,NL,1,0,2,0,0,0,0,13,7,6,1,4,2,12.46,0,0,1,0,25,0,6
shackbr01,2005,1,CIN,NL,1,0,37,0,0,0,0,89,21,8,2,9,17,2.43,1,3,6,1,119,5,9
willira01,2005,2,COL,NL,2,1,30,0,0,0,0,66,26,14,4,9,19,5.73,3,0,0,0,100,6,15
corcoti02,2005,1,TBA,AL,0,0,10,1,0,0,0,68,19,15,1,12,13,5.96,0,2,1,0,97,4,15
peraljo01,2005,1,LAA,AL,1,0,28,0,0,0,0,104,28,15,6,14,30,3.89,2,2,0,0,145,10,15
horgajo01,2005,1,WAS,NL,0,0,8,0,0,0,0,18,19,14,0,4,5,21,0,1,1,0,44,1,15
beanco01,2005,1,NYA,AL,0,0,1,0,0,0,0,6,1,1,0,2,2,4.5,0,0,0,0,9,1,1
colonro01,2005,2,DET,AL,1,1,12,3,0,0,0,75,35,17,7,7,17,6.12,0,2,0,0,115,1,17
colonro01,2005,1,ATL,NL,1,5,23,4,0,0,0,133,47,26,10,14,30,5.28,1,2,0,1,191,6,28
boyerbl01,2005,1,ATL,NL,4,2,43,0,0,0,0,113,32,13,1,17,33,3.11,0,2,2,0,158,5,13
wainwad01,2005,1,SLN,NL,0,0,2,0,0,0,0,6,2,3,1,1,0,13.5,0,0,0,0,9,1,3
capeljo01,2005,1,MIL,NL,1,1,17,0,0,0,0,47,17,5,1,5,14,2.87,0,0,0,0,67,7,6
snellia01,2005,1,PIT,NL,1,2,15,5,0,0,0,126,43,24,5,24,34,5.14,3,4,1,0,189,2,25
regilni01,2005,1,TEX,AL,1,2,18,0,0,0,0,53,22,9,2,7,14,4.58,1,0,1,0,83,5,10
goslimi01,2005,1,ARI,NL,0,3,13,5,0,0,0,97,40,16,2,19,14,4.45,2,0,0,0,154,5,20
novoaro01,2005,1,CHN,NL,4,5,49,0,0,0,0,134,47,22,4,25,47,4.43,6,4,0,1,205,11,22
vasqujo01,2005,1,ATL,NL,1,0,7,0,0,0,0,27,11,3,2,5,9,3,0,1,0,1,42,2,4
woodsja01,2005,1,LAA,AL,1,1,28,0,0,0,0,83,30,14,7,8,20,4.55,0,2,2,0,122,10,18
astacez01,2005,1,HOU,NL,3,6,22,14,0,0,0,243,100,51,23,25,66,5.67,2,4,1,1,366,5,56
quallch01,2005,1,HOU,NL,6,4,77,0,0,0,0,239,73,29,7,23,60,3.28,2,1,6,0,329,19,33
lehrju01,2005,1,MIL,NL,1,1,23,0,0,0,0,104,32,15,4,18,23,3.89,2,1,1,1,154,9,19
nageocl01,2005,1,SEA,AL,0,0,3,0,0,0,0,12,6,3,0,1,1,6.75,0,0,1,0,19,0,3
brazoyh01,2005,1,LAN,NL,4,10,74,0,0,0,21,218,70,43,11,32,61,5.33,4,1,5,0,317,44,46
hennse01,2005,1,NYA,AL,0,3,3,3,0,0,0,34,18,14,3,11,3,11.12,0,0,0,0,61,0,16
majewga01,2005,1,WAS,NL,4,4,79,0,0,0,1,258,80,28,2,37,50,2.93,6,1,7,0,376,24,32
koronjo01,2005,1,CHN,NL,1,2,4,3,0,0,0,47,19,13,2,8,10,7.47,0,1,0,2,76,1,13
thompde01,2005,1,LAN,NL,0,0,4,3,0,0,0,54,16,7,0,10,13,3.5,1,0,0,0,74,0,7
liriape01,2005,1,PHI,NL,0,0,5,0,0,0,0,23,10,9,3,6,6,10.57,0,0,1,0,40,4,11
cabrefe01,2005,1,CLE,AL,2,1,15,0,0,0,0,92,24,5,1,11,29,1.47,1,1,0,1,124,6,7
leicejo01,2005,1,CHN,NL,0,2,6,1,0,0,0,27,11,9,2,9,7,9,0,1,2,0,46,2,10
madribo01,2005,1,SEA,AL,0,1,1,1,0,0,0,13,4,3,1,1,1,6.23,0,0,0,0,18,0,3
bellhe01,2005,1,NYN,NL,1,3,42,0,0,0,0,140,56,29,3,13,43,5.59,3,0,1,1,206,12,30
wangch01,2005,1,NYA,AL,8,5,18,17,0,0,0,349,113,52,9,32,47,4.02,3,3,6,0,486,0,58
guthrje01,2005,1,CLE,AL,0,0,1,0,0,0,0,18,9,4,2,2,3,6,0,0,0,0,29,1,4
guerrma02,2005,1,MIN,AL,0,3,43,0,0,0,0,215,71,27,6,24,46,3.39,5,3,3,0,306,14,29
chacigu01,2005,1,TOR,AL,13,9,34,34,0,0,0,609,213,84,20,70,121,3.72,3,3,8,0,872,0,93
delarjo01,2005,1,MIL,NL,2,2,38,0,0,0,0,127,48,21,1,38,42,4.46,4,6,0,0,208,13,23
hughetr01,2005,1,WAS,NL,1,1,14,0,0,0,0,39,18,8,4,8,8,5.54,1,0,1,0,64,0,8
bookech01,2005,1,CIN,NL,0,0,3,0,0,0,0,6,6,7,2,4,2,31.5,0,0,0,0,15,1,8
nunezfr01,2005,1,TBA,AL,1,0,5,0,0,0,0,15,5,6,0,4,2,10.8,0,0,0,0,22,0,6
carlybu01,2005,1,LAN,NL,0,0,10,0,0,0,0,42,16,13,4,4,13,8.36,0,0,1,0,62,2,13
byrdati01,2005,1,BAL,AL,0,1,41,0,0,0,1,80,27,12,1,21,31,4.05,1,5,1,0,131,3,14
whitema02,2005,1,TOR,AL,0,0,2,0,0,0,0,11,6,8,3,5,5,19.64,0,0,1,0,23,0,8
bautide01,2005,1,KCA,AL,2,2,7,7,0,0,0,107,36,23,2,17,23,5.8,0,3,2,0,160,0,23
ramirel01,2005,1,CIN,NL,0,3,6,4,0,0,0,67,33,21,5,10,9,8.46,2,2,2,0,110,1,22
greinza01,2005,1,KCA,AL,5,17,33,33,2,0,0,549,233,118,23,53,114,5.8,0,4,13,2,829,0,125
brunebr01,2005,1,ARI,NL,1,3,47,0,0,0,12,138,56,38,6,35,51,7.43,2,2,5,0,230,21,39
cabreda01,2005,1,BAL,AL,10,13,29,29,0,0,0,484,144,81,14,87,157,4.52,2,9,11,1,716,0,92
dohmasc01,2005,1,COL,NL,2,1,32,0,0,0,0,93,33,21,6,19,35,6.1,1,0,0,0,143,10,21
adamsmi03,2005,1,MIL,NL,0,1,13,0,0,0,1,40,12,4,2,10,14,2.7,1,1,0,0,61,7,4
croweji01,2005,1,FLO,NL,0,0,4,0,0,0,0,10,10,8,1,0,2,21.6,0,0,2,0,22,2,8
thornma01,2005,1,SEA,AL,0,4,55,0,0,0,0,171,54,33,13,42,57,5.21,2,7,0,0,262,15,33
tadanka01,2005,1,CLE,AL,0,0,1,0,0,0,0,12,4,1,0,0,1,2.25,0,0,0,0,16,1,1
proctsc01,2005,1,NYA,AL,1,0,29,1,0,0,0,134,46,30,10,17,36,6.04,4,4,2,0,199,11,32
gramaal01,2005,1,NYA,AL,0,0,2,0,0,0,0,4,3,2,1,2,0,13.5,1,0,0,0,9,1,2
harikti01,2005,1,OAK,AL,0,0,8,0,0,0,0,38,16,9,3,4,7,6.39,0,0,0,0,56,5,9
frasoja01,2005,1,TOR,AL,3,5,67,0,0,0,1,224,67,27,8,28,62,3.25,2,1,3,0,305,12,31
hamulti01,2005,1,NYN,NL,0,0,6,0,0,0,0,7,7,6,3,1,2,23.14,1,0,0,0,14,2,6
aquingr01,2005,1,ARI,NL,0,1,35,0,0,0,1,94,42,27,7,17,34,7.76,1,2,4,1,155,11,29
takatsh01,2005,2,NYN,NL,1,0,9,0,0,0,0,23,11,2,2,3,6,2.35,1,0,0,0,38,4,2
takatsh01,2005,1,CHA,AL,1,2,31,0,0,0,8,86,30,19,9,16,32,5.97,1,1,0,0,130,20,19
otsukak01,2005,1,SDN,NL,2,8,66,0,0,0,1,188,55,25,3,34,60,3.59,8,1,2,0,276,17,28
dinarle01,2005,1,BOS,AL,0,1,8,1,0,0,0,44,13,3,1,5,15,1.84,1,1,0,0,62,3,6
bentzch01,2005,1,FLO,NL,0,0,4,0,0,0,0,6,8,7,2,0,0,31.5,0,0,0,0,14,0,7
brookfr01,2005,1,ATL,NL,0,0,1,0,0,0,0,1,1,0,0,0,0,0,0,0,0,0,1,1,0
bartocl01,2005,1,CHN,NL,0,2,19,0,0,0,0,59,23,12,7,11,15,5.49,0,0,2,0,91,7,13
johnsmi03,2005,1,PIT,NL,0,0,1,0,0,0,0,3,4,4,2,0,2,36,0,0,0,0,7,1,4
simpsal01,2005,1,COL,NL,0,0,2,0,0,0,0,2,3,5,0,3,0,67.5,0,1,0,0,8,0,5
simpsal01,2005,2,CIN,NL,0,1,9,0,0,0,0,20,3,5,1,5,6,6.75,0,1,1,0,28,2,5
falkebr01,2005,1,SDN,NL,0,0,10,0,0,0,0,33,17,10,2,5,10,8.18,1,2,0,0,54,3,11
wuertmi01,2005,1,CHN,NL,6,2,75,0,0,0,0,227,60,32,6,40,89,3.81,7,7,0,0,319,12,36
campsh01,2005,1,KCA,AL,1,4,29,0,0,0,0,147,69,35,4,13,28,6.43,3,3,4,0,228,7,40
madsory01,2005,1,PHI,NL,6,5,78,0,0,0,0,261,84,40,11,25,79,4.14,6,6,6,1,365,10,44
grabojo02,2005,1,PIT,NL,2,3,63,0,0,0,0,156,46,28,6,25,42,4.85,2,1,2,0,222,8,31
bootcch01,2005,1,LAA,AL,0,1,5,2,0,0,1,56,19,7,1,4,8,3.38,1,1,0,0,79,1,7
jacksed01,2005,1,LAN,NL,2,2,7,6,0,0,0,86,31,20,2,17,13,6.28,0,2,1,1,134,0,22
chulkvi01,2005,1,TOR,AL,0,1,62,0,0,0,0,216,68,31,9,26,39,3.88,3,5,1,0,301,10,33
belisma01,2005,1,CIN,NL,4,8,60,5,0,0,1,257,101,42,11,26,59,4.41,6,3,6,0,382,17,49
lowryno01,2005,1,SFN,NL,13,13,33,33,0,0,0,614,193,86,21,76,172,3.78,1,2,7,0,875,0,92
cordech01,2005,1,WAS,NL,2,4,74,0,0,0,47,223,55,15,9,17,61,1.82,2,0,2,0,300,62,24
depaujo01,2005,1,NYA,AL,0,0,3,0,0,0,0,20,8,6,2,3,3,8.1,0,0,0,0,30,2,6
waechdo01,2005,1,TBA,AL,5,12,29,25,0,0,0,471,191,98,29,38,87,5.62,5,4,3,2,692,3,109
valenjo04,2005,1,CIN,NL,0,1,16,0,0,0,0,43,18,13,4,11,9,8.16,0,1,2,0,76,5,15
gearyge01,2005,1,PHI,NL,2,1,40,0,0,0,0,174,54,24,5,21,42,3.72,4,3,1,0,247,12,29
woodmi01,2005,1,KCA,AL,5,8,47,10,0,0,2,345,129,57,18,52,60,4.46,5,7,8,0,520,10,66
telemam01,2005,1,PHI,NL,0,1,7,0,0,0,0,32,5,5,2,4,8,4.22,0,0,0,0,41,4,5
adkinjo01,2005,1,CHA,AL,0,1,5,0,0,0,0,25,13,8,0,4,1,8.64,2,0,1,0,42,4,8
kidama01,2005,1,SEA,AL,0,0,1,0,0,0,0,6,2,1,1,0,0,4.5,0,0,0,0,8,1,1
dominju01,2005,1,TEX,AL,4,6,22,10,0,0,0,211,78,33,11,25,45,4.22,0,2,2,0,312,3,37
cottsne01,2005,1,CHA,AL,4,0,69,0,0,0,0,181,38,13,1,29,58,1.94,5,3,4,0,248,10,16
corteda01,2005,1,COL,NL,2,0,50,0,0,0,2,158,50,24,9,10,36,4.1,2,3,1,0,213,14,24
gonzami02,2005,1,PIT,NL,1,3,51,0,0,0,3,150,35,15,2,31,58,2.7,2,3,1,0,212,15,15
putzjj01,2005,1,SEA,AL,6,5,64,0,0,0,1,180,58,24,8,23,45,3.6,2,2,2,0,259,20,27
gobblji01,2005,1,KCA,AL,1,1,28,4,0,0,0,161,64,34,9,30,38,5.7,4,2,1,0,249,11,34
gaudich01,2005,1,TOR,AL,1,3,5,3,0,0,0,39,31,19,6,6,12,13.15,0,0,1,0,74,0,19
greggke01,2005,1,LAA,AL,1,2,33,2,0,0,0,193,70,36,8,29,52,5.04,2,5,3,0,290,9,37
switzjo01,2005,1,TBA,AL,0,0,2,0,0,0,0,12,5,3,0,7,5,6.75,0,0,0,0,25,0,4
jonesgr01,2005,1,LAA,AL,0,0,6,0,0,0,0,16,7,4,2,2,6,6.75,0,0,0,0,24,6,4
tsaoch01,2005,1,COL,NL,1,0,10,0,0,0,3,33,16,8,3,5,4,6.55,1,1,1,0,56,9,8
harderi01,2005,1,OAK,AL,10,5,22,19,2,1,0,384,93,36,7,43,121,2.53,0,6,2,0,514,0,42
mitrese01,2005,1,CHN,NL,2,5,21,7,1,1,0,181,62,36,11,23,37,5.37,2,5,3,0,268,7,37
wagnery01,2005,1,CIN,NL,3,2,42,0,0,0,0,137,56,31,4,17,39,6.11,1,2,4,0,210,8,33
valvejo01,2005,1,ARI,NL,3,4,61,0,0,0,15,199,51,18,5,20,75,2.44,1,3,2,0,268,34,19
gonzaed01,2005,1,ARI,NL,0,0,1,0,0,0,0,1,2,4,1,2,1,108,0,1,0,0,5,0,4
heilmaa01,2005,1,NYN,NL,5,3,53,7,1,1,5,324,87,38,6,37,106,3.17,4,1,6,1,439,20,40
millema02,2005,1,CLE,AL,1,0,23,0,0,0,1,89,22,6,1,10,23,1.82,3,1,3,1,118,4,6
bumpna01,2005,1,FLO,NL,0,3,31,0,0,0,0,114,43,17,5,12,18,4.03,1,0,2,0,165,2,18
harenda01,2005,1,OAK,AL,14,12,34,34,3,0,0,651,212,90,26,53,163,3.73,5,6,6,0,897,0,101
gallomi01,2005,1,HOU,NL,0,1,36,0,0,0,0,61,18,6,1,10,12,2.66,2,0,2,0,87,5,6
correke01,2005,1,SFN,NL,2,5,16,11,0,0,0,175,61,30,12,31,44,4.63,2,2,4,0,264,1,31
wasdijo01,2005,1,TEX,AL,3,2,31,6,0,0,4,227,77,36,9,20,44,4.28,2,1,1,0,319,7,37
whitema03,2005,1,WAS,NL,0,1,1,1,0,0,0,12,4,4,0,3,3,9,0,1,1,0,20,0,4
gonzaje01,2005,1,BOS,AL,2,1,28,3,0,0,0,168,64,38,7,16,28,6.11,2,1,2,1,244,7,39
welleto01,2005,1,CHN,NL,2,1,22,0,0,0,1,97,32,22,7,22,32,6.12,1,3,0,0,146,6,23
willido03,2005,1,FLO,NL,22,10,34,34,7,5,0,709,213,69,11,55,170,2.63,3,2,8,1,960,0,79
capuach01,2005,1,MIL,NL,18,12,35,35,0,0,0,657,212,97,31,91,176,3.99,6,3,12,4,949,0,105
ramirer01,2005,1,TEX,AL,0,0,16,0,0,0,0,69,24,10,3,3,6,3.91,0,0,2,0,96,4,10
vargacl01,2005,1,WAS,NL,0,3,4,4,0,0,0,38,22,13,4,7,5,9.24,2,0,0,0,66,0,15
vargacl01,2005,2,ARI,NL,9,6,21,19,0,0,0,359,124,64,21,40,90,4.81,3,6,7,0,520,0,66
turnbde01,2005,1,MIL,NL,7,1,69,0,0,0,39,202,49,13,5,24,64,1.74,2,9,1,0,271,62,15
sandeda01,2005,1,CHA,AL,0,0,2,0,0,0,0,6,3,3,1,1,1,13.5,0,0,0,0,10,0,3
webbbr01,2005,1,ARI,NL,14,12,33,33,1,0,0,687,229,90,21,59,172,3.54,4,14,2,1,943,0,98
goodan01,2005,1,DET,AL,0,0,2,0,0,0,0,15,4,3,1,1,7,5.4,0,0,0,0,20,2,3
snydeky01,2005,1,KCA,AL,1,3,13,3,0,0,0,108,55,27,3,10,19,6.75,1,1,1,0,169,4,29
foppeje01,2005,1,SFN,NL,0,0,3,2,0,0,0,31,11,6,2,13,6,5.23,0,0,1,1,53,0,7
calerki01,2005,1,OAK,AL,4,1,58,0,0,0,1,167,45,20,6,18,52,3.23,2,2,1,0,229,15,20
milletr02,2005,1,TBA,AL,2,2,61,0,0,0,0,133,45,20,4,29,35,4.06,6,2,7,0,206,13,23
ledezwi01,2005,1,DET,AL,2,4,10,10,0,0,0,149,61,39,10,24,30,7.07,0,2,2,2,234,0,46
lopezaq01,2005,1,COL,NL,0,0,1,0,0,0,0,12,3,1,0,0,6,2.25,0,0,0,0,15,0,1
lopezaq01,2005,2,PHI,NL,0,1,10,0,0,0,0,38,13,3,2,7,16,2.13,1,1,0,0,57,5,4
spurlch01,2005,1,DET,AL,3,4,56,0,0,0,0,212,58,27,8,22,26,3.44,6,4,2,0,284,8,30
bondeje01,2005,1,DET,AL,14,13,29,29,4,0,0,567,199,96,21,57,145,4.57,0,5,4,1,801,0,101
carradj01,2005,1,KCA,AL,6,8,21,20,1,0,0,344,129,61,11,51,49,4.79,2,7,6,3,511,0,67
phelpto01,2005,1,MIL,NL,0,2,29,0,0,0,1,70,25,12,2,12,14,4.63,4,2,2,0,106,8,12
lopezja02,2005,1,COL,NL,0,0,3,0,0,0,0,6,7,5,0,0,1,22.5,0,0,0,0,13,1,5
lopezja02,2005,2,ARI,NL,1,1,29,0,0,0,2,43,19,15,2,11,11,9.42,3,0,1,0,74,5,15
anderja01,2005,1,NYA,AL,1,0,3,0,0,0,0,17,4,5,0,7,2,7.94,1,0,0,0,27,1,5
contrjo01,2005,1,CHA,AL,15,7,32,32,1,0,0,614,177,82,23,75,154,3.61,2,20,9,2,857,0,91
mccluse01,2005,1,TBA,AL,7,11,34,17,0,0,0,328,106,80,20,62,92,6.59,1,6,7,0,500,3,85
villaos01,2005,1,ARI,NL,2,0,11,0,0,0,0,41,11,8,2,6,5,5.27,2,0,1,0,57,0,8
sprinru01,2005,1,HOU,NL,4,4,62,0,0,0,0,177,49,31,9,21,54,4.73,3,2,3,0,246,11,34
eldreca01,2005,1,SLN,NL,1,0,31,1,0,0,0,111,35,9,3,18,29,2.19,3,0,2,0,160,15,9
tallebr01,2005,1,CLE,AL,0,0,2,0,0,0,0,14,6,4,2,3,2,7.71,0,0,1,0,24,0,4
ayalalu01,2005,1,WAS,NL,8,7,68,0,0,0,1,213,75,21,7,14,40,2.66,4,0,6,0,293,18,23
rodrifr03,2005,1,LAA,AL,2,5,66,0,0,0,45,202,45,20,7,32,91,2.67,3,8,0,0,279,58,20
obermwe01,2005,1,MIL,NL,1,4,23,8,0,0,0,195,74,38,7,36,33,5.26,2,3,5,0,305,4,41
leecl02,2005,1,CLE,AL,18,5,32,32,1,0,0,606,194,85,22,52,143,3.79,1,4,0,0,838,0,91
duboser01,2005,1,BAL,AL,2,3,15,3,0,0,0,88,28,18,4,19,17,5.52,0,1,1,0,135,2,21
torresa01,2005,1,PIT,NL,5,5,78,0,0,0,3,284,76,29,7,36,55,2.76,7,4,5,0,388,32,34
roberna01,2005,1,DET,AL,7,16,32,32,2,0,0,590,202,98,28,65,122,4.48,2,6,7,1,846,0,113
hancojo01,2005,1,CIN,NL,1,0,11,0,0,0,0,42,11,3,1,1,5,1.93,0,0,0,0,54,5,4
germafr01,2005,1,DET,AL,4,0,58,0,0,0,1,177,63,24,7,34,38,3.66,4,4,7,1,270,19,26
davisja02,2005,1,CLE,AL,4,2,11,4,0,0,0,121,44,21,4,20,32,4.69,0,2,3,0,182,2,22
cartela02,2005,1,TBA,AL,1,2,39,0,0,0,1,171,61,31,9,15,22,4.89,1,0,1,0,239,18,31
hendrma01,2005,1,TBA,AL,11,8,31,31,1,0,0,535,227,117,24,49,89,5.9,1,4,2,0,796,0,126
rodriri03,2005,1,TEX,AL,2,3,12,10,0,0,0,171,67,35,11,17,24,5.53,0,2,1,0,254,0,39
childma01,2005,1,ATL,NL,0,0,3,0,0,0,0,12,5,2,1,3,2,4.5,0,0,1,0,21,1,2
cookaa01,2005,1,COL,NL,7,2,13,13,2,0,0,250,101,34,8,16,24,3.67,2,3,2,0,357,0,38
hudsolu01,2005,1,CIN,NL,6,9,19,16,0,0,0,254,83,60,14,50,53,6.38,2,5,11,0,380,1,62
cerdaja01,2005,1,KCA,AL,1,4,20,0,0,0,0,57,21,14,3,11,18,6.63,2,2,0,0,89,1,14
bukviry01,2005,1,TEX,AL,0,0,4,0,0,0,0,12,2,5,0,6,4,11.25,0,0,0,0,19,0,5
backebr01,2005,1,HOU,NL,10,8,26,25,1,1,0,448,151,79,19,67,97,4.76,1,5,4,2,653,0,82
saarlki01,2005,1,OAK,AL,10,9,29,27,2,1,0,479,170,74,11,54,53,4.17,8,1,11,0,682,0,75
sanchdu01,2005,1,LAN,NL,4,7,79,0,0,0,8,246,75,34,8,36,71,3.73,6,7,3,1,353,31,36
smithtr01,2005,1,FLO,NL,0,0,12,0,0,0,0,32,17,8,1,5,9,6.75,1,0,0,0,52,4,8
hernaru03,2005,1,KCA,AL,8,14,29,29,0,0,0,479,172,98,18,70,88,5.52,0,4,7,0,706,0,101
towerjo01,2005,1,TOR,AL,13,12,33,33,2,1,0,626,237,86,24,29,112,3.71,2,1,6,1,876,0,101
bellro01,2005,1,TBA,AL,1,1,8,3,0,0,0,75,41,23,7,12,13,8.28,0,3,2,0,129,4,25
dayza01,2005,2,COL,NL,0,1,5,3,0,0,0,34,20,9,2,7,7,7.15,1,1,0,0,59,0,11
dayza01,2005,1,WAS,NL,1,2,12,5,0,0,0,108,41,27,4,25,16,6.75,3,1,1,0,170,4,29
lackejo01,2005,1,LAA,AL,14,5,33,33,1,0,0,627,208,80,13,71,199,3.44,3,18,11,0,892,0,85
marotmi01,2005,1,DET,AL,14,14,34,34,0,0,0,627,235,110,30,51,115,4.74,1,5,9,0,889,0,123
perezol01,2005,1,PIT,NL,7,5,20,20,0,0,0,309,102,67,23,70,97,5.85,1,3,6,0,471,0,68
riedljo01,2005,1,FLO,NL,4,1,29,0,0,0,0,83,34,22,3,13,16,7.16,2,6,1,0,130,7,23
smallaa01,2005,1,NYA,AL,10,0,15,9,1,1,0,228,71,27,4,24,37,3.2,0,0,5,0,316,1,27
rauchjo01,2005,1,WAS,NL,2,4,15,1,0,0,0,90,24,12,3,11,23,3.6,2,2,1,0,124,4,12
prinzbr01,2005,1,LAA,AL,0,1,3,0,0,0,0,9,4,1,1,1,1,3,0,0,0,0,14,2,1
nealbl01,2005,2,COL,NL,1,2,11,0,0,0,0,44,20,10,2,9,8,6.14,2,1,0,0,70,3,10
nealbl01,2005,1,BOS,AL,0,1,8,0,0,0,0,24,15,8,2,3,3,9,0,0,0,0,41,4,9
motagu01,2005,1,FLO,NL,2,2,56,0,0,0,2,201,65,35,5,32,60,4.7,7,4,1,0,293,24,38
micelda01,2005,1,COL,NL,1,2,19,0,0,0,0,55,19,12,1,13,19,5.89,0,0,1,0,86,3,12
haranaa01,2005,1,CIN,NL,11,13,32,32,1,0,0,635,217,90,22,51,163,3.83,3,6,8,0,887,0,93
gardnle01,2005,1,TBA,AL,0,0,5,0,0,0,0,22,12,4,2,2,4,4.91,0,0,0,0,37,2,9
florera01,2005,1,SLN,NL,3,1,50,0,0,0,1,125,37,16,5,13,43,3.46,0,2,3,0,174,6,22
donnebr01,2005,1,LAA,AL,9,3,66,0,0,0,0,196,60,27,9,19,53,3.72,3,3,2,0,271,14,30
benoijo01,2005,1,TEX,AL,4,4,32,9,0,0,0,261,69,36,9,38,78,3.72,0,1,2,0,369,6,39
perisma01,2005,2,BOS,AL,0,0,1,0,0,0,0,0,1,1,0,0,0,NA,0,0,0,0,1,0,1
perisma01,2005,1,FLO,NL,2,0,24,0,0,0,0,42,12,3,1,11,10,1.93,0,0,1,0,64,4,4
walkepe01,2005,1,TOR,AL,6,6,41,4,0,0,2,252,81,33,10,33,43,3.54,0,2,2,0,358,8,33
milleju01,2005,1,TOR,AL,0,0,1,0,0,0,0,7,5,4,3,0,2,15.43,0,0,0,0,12,0,4
lyonbr01,2005,1,ARI,NL,0,2,32,0,0,0,14,88,44,21,6,10,17,6.44,2,1,2,1,144,22,25
loaizes01,2005,1,WAS,NL,12,10,34,34,0,0,0,651,227,91,18,55,173,3.77,3,6,5,0,912,0,93
heredfe01,2005,1,NYN,NL,0,0,3,0,0,0,0,8,1,0,0,1,2,0,0,0,1,0,10,1,0
hallaro01,2005,1,TOR,AL,12,4,19,19,5,2,0,425,118,38,11,18,108,2.41,2,2,7,1,553,0,39
eyresc01,2005,1,SFN,NL,2,2,86,0,0,0,0,205,48,20,3,26,65,2.63,0,3,4,0,277,15,21
escobke01,2005,1,LAA,AL,3,2,16,7,0,0,1,179,45,20,4,21,63,3.02,1,4,2,0,242,2,21
coopebr01,2005,1,SFN,NL,0,1,8,1,0,0,0,53,15,6,0,8,7,3.06,0,0,0,0,73,3,6
cassisc01,2005,2,SDN,NL,1,1,10,0,0,0,0,37,15,9,3,3,12,6.57,0,0,0,0,54,4,10
parkch01,2005,1,TEX,AL,8,5,20,20,0,0,0,329,130,69,8,54,80,5.66,1,3,6,0,502,0,70
parkch01,2005,2,SDN,NL,4,3,10,9,0,0,0,137,50,30,3,26,33,5.91,0,3,4,0,213,0,33
powelja04,2005,1,ATL,NL,0,0,5,0,0,0,0,10,1,0,0,4,1,0,0,0,0,0,15,1,0
rogerke01,2005,1,TEX,AL,14,8,30,30,1,1,0,586,205,75,15,53,87,3.46,1,0,8,0,828,0,86
seaneru01,2005,1,SDN,NL,7,1,57,0,0,0,0,181,49,18,4,22,84,2.69,4,4,2,0,248,9,19
valdeis01,2005,1,FLO,NL,2,2,14,7,0,0,0,152,64,30,6,22,27,5.33,6,1,5,2,237,1,32
carpech01,2005,1,SLN,NL,21,5,33,33,7,4,0,725,204,76,18,51,213,2.83,0,5,3,0,953,0,82
cassisc01,2005,1,BOS,AL,0,0,1,0,0,0,0,2,4,3,0,0,0,40.5,0,0,0,0,6,0,3
kolbda01,2005,1,ATL,NL,3,8,65,0,0,0,11,173,78,38,5,29,39,5.93,5,5,1,0,270,34,39
davisdo02,2005,1,MIL,NL,11,11,35,35,2,1,0,668,196,95,26,93,208,3.84,5,3,4,2,946,0,103
dickera01,2005,1,TEX,AL,1,2,9,4,0,0,0,89,29,22,4,17,15,6.67,0,2,2,0,134,2,23
carrahe01,2005,1,WAS,NL,5,4,64,5,0,0,2,265,59,20,6,38,75,2.04,7,6,6,1,358,13,23
cordefr01,2005,1,TEX,AL,3,1,69,0,0,0,37,207,61,26,5,30,79,3.39,2,0,4,0,302,60,28
zambrvi01,2005,1,NYN,NL,7,12,31,27,0,0,0,499,170,77,12,77,112,4.17,2,8,15,2,748,2,85
yanes01,2005,1,LAA,AL,1,1,49,0,0,0,0,200,66,34,8,30,45,4.59,4,5,0,0,293,21,36
wilsopa02,2005,1,CIN,NL,1,5,9,9,0,0,0,139,68,40,10,17,30,7.77,1,2,4,0,224,0,41
sturtta01,2005,1,NYA,AL,5,3,64,1,0,0,1,234,76,41,10,27,45,4.73,1,3,6,0,332,12,43
standja01,2005,2,CIN,NL,2,2,32,0,0,0,0,93,38,14,3,16,17,4.06,7,1,1,0,140,6,14
standja01,2005,1,TEX,AL,0,0,2,0,0,0,0,7,7,3,0,1,2,11.57,1,1,0,0,16,0,3
sosajo02,2005,1,ATL,NL,13,3,44,20,0,0,0,402,122,38,12,64,85,2.55,8,3,0,0,577,5,42
seaybo01,2005,1,COL,NL,0,0,17,0,0,0,0,35,18,11,3,8,11,8.49,1,0,0,1,58,5,11
martito02,2005,1,ATL,NL,0,0,4,0,0,0,0,7,6,5,1,2,0,19.29,0,0,0,0,14,1,5
kennejo04,2005,2,OAK,AL,4,5,19,8,0,0,0,182,64,30,8,20,45,4.45,2,1,1,0,262,3,33
kennejo04,2005,1,COL,NL,4,8,16,16,0,0,0,276,128,72,12,44,52,7.04,4,7,6,1,442,0,81
harpetr01,2005,1,TBA,AL,4,6,52,0,0,0,0,220,88,55,14,24,40,6.75,9,2,1,0,321,13,57
williwo02,2005,1,SDN,NL,9,12,28,28,0,0,0,479,174,86,24,51,106,4.85,1,1,3,0,697,0,92
alvarwi01,2005,1,LAN,NL,1,4,21,2,0,0,0,72,31,15,7,7,16,5.62,0,0,0,0,109,3,15
brazede01,2005,1,TBA,AL,1,8,20,8,0,0,0,213,87,60,12,60,43,7.61,3,5,4,0,354,2,65
colomje01,2005,1,TBA,AL,2,3,36,0,0,0,0,136,54,23,7,18,28,4.57,3,5,2,0,212,18,29
creekdo01,2005,1,DET,AL,0,0,20,0,0,0,0,67,27,17,7,7,18,6.85,0,0,0,0,101,8,18
timlimi01,2005,1,BOS,AL,7,3,81,0,0,0,13,241,86,20,2,20,59,2.24,5,3,2,0,342,27,23
morrima01,2005,1,SLN,NL,14,10,31,31,2,0,0,578,209,88,22,37,117,4.11,3,1,8,1,818,0,101
karnuja01,2005,1,DET,AL,0,0,3,0,0,0,0,5,2,1,0,0,0,5.4,0,0,0,0,7,2,1
klinest02,2005,1,BAL,AL,2,4,67,0,0,0,0,183,59,29,11,30,36,4.28,5,4,0,3,264,23,34
matthmi01,2005,1,NYN,NL,1,0,6,0,0,0,0,15,9,6,0,4,2,10.8,1,2,0,0,28,0,6
journji01,2005,1,SLN,NL,0,1,5,0,0,0,0,13,6,5,1,5,5,10.38,0,0,0,0,23,3,6
isrinja01,2005,1,SLN,NL,1,2,63,0,0,0,39,177,43,14,4,27,51,2.14,5,2,1,0,245,52,14
worreti01,2005,1,PHI,NL,0,1,19,0,0,0,1,51,29,14,4,3,17,7.41,0,0,1,1,83,9,17
worreti01,2005,2,ARI,NL,1,1,32,0,0,0,0,95,30,8,4,9,22,2.27,2,0,1,0,137,8,13
witasja01,2005,1,COL,NL,0,4,32,0,0,0,0,107,27,10,2,12,40,2.52,3,2,3,0,148,7,11
witasja01,2005,2,OAK,AL,1,1,28,0,0,0,1,83,26,10,2,17,33,3.25,2,3,3,0,129,4,15
willije02,2005,1,SFN,NL,0,2,4,3,0,0,0,50,21,12,2,4,11,6.48,1,0,1,0,73,0,12
willije02,2005,2,CHN,NL,6,8,18,17,0,0,0,318,98,46,12,45,59,3.91,0,2,9,0,459,0,50
schmija01,2005,1,SFN,NL,12,7,29,29,0,0,0,516,160,84,16,85,165,4.4,4,7,5,1,757,0,90
rueteki01,2005,1,SFN,NL,2,7,20,18,0,0,0,322,131,71,12,47,25,5.95,3,3,1,0,489,1,78
rodrife01,2005,1,NYA,AL,0,0,34,0,0,0,0,97,33,18,2,20,18,5.01,0,3,2,0,147,10,18
ortizru01,2005,1,ARI,NL,5,11,22,22,0,0,0,345,147,88,18,65,46,6.89,3,5,4,0,551,0,92
nathajo01,2005,1,MIN,AL,7,4,69,0,0,0,43,210,46,21,5,22,94,2.7,1,2,0,0,276,58,22
jensery01,2005,1,KCA,AL,3,2,9,3,0,0,0,76,31,20,4,7,18,7.11,1,0,2,0,115,3,20
hernali01,2005,1,WAS,NL,15,10,35,35,2,0,0,739,268,109,25,84,147,3.98,14,3,13,2,1065,0,116
fultzaa01,2005,1,PHI,NL,4,0,62,0,0,0,0,217,47,18,6,23,54,2.24,2,0,5,0,286,16,21
chrisja01,2005,1,SFN,NL,6,1,56,0,0,0,0,126,48,25,4,15,17,5.36,2,0,0,0,188,10,27
chrisja01,2005,2,LAA,AL,0,0,12,0,0,0,0,11,7,1,0,2,4,2.45,0,0,0,0,20,1,1
aybarma01,2005,1,NYN,NL,0,0,22,0,0,0,0,76,31,17,4,7,27,6.04,1,0,1,0,114,4,17
soriara01,2005,1,SEA,AL,0,0,7,0,0,0,0,22,6,2,0,1,9,2.45,0,0,1,0,30,4,2
rhodear01,2005,1,CLE,AL,3,1,47,0,0,0,0,130,33,10,2,12,43,2.08,2,0,1,0,175,8,13
pineijo01,2005,1,SEA,AL,7,11,30,30,2,0,0,567,224,118,23,56,107,5.62,4,7,6,1,822,0,118
nelsoje01,2005,1,SEA,AL,1,3,49,0,0,0,1,110,32,16,3,22,34,3.93,0,1,4,1,166,15,17
mechegi01,2005,1,SEA,AL,10,8,29,26,0,0,0,430,153,81,18,72,83,5.09,1,4,2,0,638,2,92
moyerja01,2005,1,SEA,AL,13,7,32,32,1,0,0,600,225,95,23,52,102,4.28,2,3,8,0,868,0,99
mateoju01,2005,1,SEA,AL,3,6,55,1,0,0,0,265,79,30,12,17,52,3.06,6,1,7,0,364,7,32
hasegsh01,2005,1,SEA,AL,1,3,46,0,0,0,0,200,66,31,4,16,30,4.18,1,0,3,0,279,17,31
halamjo01,2005,2,WAS,NL,0,3,10,3,0,0,0,64,23,11,1,8,11,4.64,0,0,0,0,93,2,11
halamjo01,2005,1,BOS,AL,1,1,30,1,0,0,0,131,56,30,5,9,26,6.18,3,2,7,0,205,13,33
garcifr02,2005,1,CHA,AL,14,8,33,33,2,0,0,684,225,98,26,60,146,3.87,2,20,3,1,943,0,102
frankry01,2005,1,SEA,AL,8,15,32,30,2,1,0,572,212,108,28,62,93,5.1,4,3,7,1,832,0,110
baldwja01,2005,1,TEX,AL,0,2,8,0,0,0,1,52,18,10,3,7,9,5.19,1,1,1,1,76,2,10
baldwja01,2005,2,BAL,AL,0,0,20,0,0,0,0,118,36,14,5,9,20,3.2,0,1,2,0,162,11,18
walkeke01,2005,1,CHA,AL,0,1,9,0,0,0,0,21,10,7,1,5,5,9,1,0,0,0,35,3,7
tomkobr01,2005,1,SFN,NL,8,15,33,30,3,0,1,572,205,95,20,57,114,4.48,11,5,7,0,823,1,99
reedst01,2005,1,BAL,AL,1,2,30,0,0,0,0,98,41,24,5,11,15,6.61,2,0,4,0,149,6,24
peavyja01,2005,1,SDN,NL,13,7,30,30,3,3,0,609,162,65,18,50,216,2.88,3,3,7,1,812,0,70
lawrebr02,2005,1,SDN,NL,7,15,33,33,1,0,0,587,211,105,18,57,109,4.83,7,3,11,1,852,0,106
hoffmtr01,2005,1,SDN,NL,1,6,60,0,0,0,43,173,52,19,3,12,54,2.97,1,1,1,0,240,54,23
jarvike01,2005,1,SLN,NL,0,1,4,0,0,0,0,10,3,5,1,3,2,13.5,0,0,2,0,17,1,5
willida07,2005,1,PIT,NL,10,11,25,25,1,1,0,416,137,68,20,58,88,4.41,5,3,8,0,600,0,74
burrose01,2005,1,SDN,NL,0,0,1,0,0,0,0,3,4,3,1,0,0,27,0,0,0,0,7,1,3
eatonad01,2005,1,SDN,NL,11,5,24,22,0,0,0,386,140,61,14,44,100,4.27,6,5,5,0,568,2,70
embreal01,2005,1,BOS,AL,1,4,43,0,0,0,1,113,42,32,8,11,30,7.65,2,1,1,0,163,11,33
embreal01,2005,2,NYA,AL,1,1,24,0,0,0,0,43,20,12,2,3,8,7.53,1,0,1,1,68,4,14
wellski01,2005,1,PIT,NL,8,18,33,33,1,1,0,546,186,103,23,99,132,5.09,8,8,12,0,828,0,116
villoro01,2005,1,SEA,AL,2,3,52,0,0,0,1,121,33,11,2,23,41,2.45,1,2,5,1,178,14,14
vogelry01,2005,1,PIT,NL,2,2,44,0,0,0,0,244,82,40,5,40,52,4.43,1,7,8,0,369,19,43
villoro01,2005,2,FLO,NL,3,2,27,0,0,0,0,71,24,18,2,12,29,6.85,1,1,2,0,109,10,20
sauersc01,2005,1,CLE,AL,1,0,58,0,0,0,0,107,35,16,4,16,35,4.04,2,2,4,0,157,10,18
reyesal01,2005,1,SLN,NL,4,2,65,0,0,0,3,188,38,15,5,20,67,2.15,2,1,5,0,244,18,15
foggjo01,2005,1,PIT,NL,6,11,34,28,0,0,0,508,196,95,27,53,85,5.05,11,2,6,1,742,1,106
meadobr01,2005,1,PIT,NL,3,1,65,0,0,0,0,224,84,38,8,21,44,4.58,7,3,0,0,326,9,42
bensokr01,2005,1,NYN,NL,10,8,28,28,0,0,0,523,171,80,24,49,95,4.13,5,4,4,0,737,0,86
beimejo01,2005,1,TBA,AL,0,0,7,0,0,0,0,33,15,4,1,4,3,3.27,1,1,0,0,51,3,4
arroybr01,2005,1,BOS,AL,14,10,35,32,0,0,0,616,213,103,22,54,100,4.51,3,5,14,1,878,1,116
silvaca01,2005,1,MIN,AL,9,8,27,27,2,0,0,565,212,72,25,9,71,3.44,2,0,3,0,749,0,83
wolfra02,2005,1,PHI,NL,6,4,13,13,0,0,0,240,87,39,14,26,61,4.39,2,1,6,0,346,0,40
santijo03,2005,1,NYN,NL,0,0,4,0,0,0,0,17,10,2,0,2,3,3.18,0,0,1,0,27,1,2
politcl01,2005,1,CHA,AL,7,1,68,0,0,0,1,202,42,15,7,21,57,2,4,1,3,0,262,14,15
padilvi01,2005,1,PHI,NL,9,12,27,27,0,0,0,441,146,77,22,74,103,4.71,9,1,8,0,654,0,79
myersbr01,2005,1,PHI,NL,13,8,34,34,2,0,0,646,193,89,31,68,208,3.72,2,4,11,4,905,0,94
mesajo01,2005,1,PIT,NL,2,8,55,0,0,0,27,170,61,30,7,26,37,4.76,3,2,3,0,257,48,30
duckwbr01,2005,1,HOU,NL,0,1,7,2,0,0,0,49,24,20,4,7,10,11.02,1,0,5,0,82,1,20
cormirh01,2005,1,PHI,NL,4,2,57,0,0,0,0,142,56,31,9,16,34,5.89,1,3,2,0,211,10,33
bottari01,2005,1,MIL,NL,2,2,40,0,0,0,2,125,43,21,7,19,29,4.54,0,7,3,0,187,11,24
adamste01,2005,1,PHI,NL,0,2,16,0,0,0,0,40,25,19,3,10,4,12.82,2,0,4,0,77,5,19
muldema01,2005,1,SLN,NL,16,8,32,32,3,2,0,615,212,83,19,70,111,3.64,1,9,9,0,868,0,90
zitoba01,2005,1,OAK,AL,14,13,35,35,0,0,0,685,185,98,26,89,171,3.86,0,4,13,0,953,0,106
mecirji01,2005,1,FLO,NL,1,4,52,0,0,0,0,130,39,15,2,17,34,3.12,2,0,5,0,184,13,17
lidleco01,2005,1,PHI,NL,13,11,31,31,1,0,0,554,210,93,18,40,121,4.53,5,6,6,0,792,0,105
hudsoti01,2005,1,ATL,NL,14,9,29,29,2,0,0,576,194,75,20,65,115,3.52,5,4,9,0,817,0,79
harvich01,2005,1,HOU,NL,0,2,37,0,0,0,0,115,36,19,7,24,33,4.46,1,4,4,0,173,16,21
harvich01,2005,2,BOS,AL,0,1,8,0,0,0,0,21,7,5,1,3,3,6.43,0,0,1,0,30,4,5
duchsju01,2005,1,OAK,AL,7,4,65,0,0,0,5,257,67,21,7,19,85,2.21,3,2,2,0,338,24,25
bradfch01,2005,1,BOS,AL,2,1,31,0,0,0,0,70,29,10,1,4,10,3.86,1,2,3,0,104,2,10
weathda01,2005,1,CIN,NL,7,4,73,0,0,0,15,233,71,34,7,29,61,3.94,2,4,2,0,331,41,36
walkety01,2005,1,SFN,NL,6,4,67,0,0,0,23,185,68,29,9,27,54,4.23,6,4,3,0,279,39,31
trachst01,2005,1,NYN,NL,1,4,6,6,0,0,0,111,37,17,6,12,24,4.14,0,1,1,0,157,0,20
stricsc01,2005,1,HOU,NL,0,0,5,0,0,0,0,12,4,3,2,0,2,6.75,0,0,0,0,16,0,3
seoja01,2005,1,NYN,NL,8,2,14,14,1,0,0,271,84,26,9,16,59,2.59,0,2,1,0,363,0,26
leiteal01,2005,1,FLO,NL,3,7,17,16,0,0,0,240,88,59,9,60,52,6.64,2,0,6,0,376,0,61
leiteal01,2005,2,NYA,AL,4,5,16,10,0,0,0,187,66,38,4,38,45,5.49,0,2,6,0,293,2,42
francjo01,2005,1,HOU,NL,0,1,31,0,0,0,0,45,23,12,0,9,16,7.2,2,0,1,0,77,4,13
estessh01,2005,1,ARI,NL,7,8,21,21,2,0,0,371,132,66,15,45,63,4.8,0,4,4,0,535,0,70
daviska01,2005,1,MIL,NL,1,1,15,0,0,0,0,50,10,5,2,10,11,2.7,0,1,0,0,70,3,6
benitar01,2005,1,SFN,NL,2,3,30,0,0,0,19,90,25,15,5,16,23,4.5,0,0,0,0,127,27,17
astacpe01,2005,2,SDN,NL,4,2,12,10,0,0,0,179,54,21,4,26,33,3.17,3,3,1,0,252,1,21
astacpe01,2005,1,TEX,AL,2,8,12,12,0,0,0,201,79,45,13,11,45,6.04,1,3,1,1,288,0,45
wellsda01,2005,1,BOS,AL,15,7,30,30,2,0,0,552,220,91,21,21,107,4.45,0,4,9,1,780,0,95
stantmi02,2005,1,NYA,AL,1,2,28,0,0,0,0,42,17,11,1,6,12,7.07,0,1,0,0,64,6,11
stantmi02,2005,2,WAS,NL,2,1,30,0,0,0,0,83,31,11,2,9,14,3.58,4,0,0,1,118,6,13
stantmi02,2005,3,BOS,AL,0,0,1,0,0,0,0,3,1,0,0,0,1,0,0,0,0,0,3,0,0
riverma01,2005,1,NYA,AL,7,4,71,0,0,0,43,235,50,12,2,18,80,1.38,0,0,4,0,306,67,18
pulsibi01,2005,1,SLN,NL,0,0,5,0,0,0,0,12,5,3,0,2,1,6.75,1,0,0,0,19,2,3
pettian01,2005,1,HOU,NL,17,9,33,33,0,0,0,667,188,59,17,41,171,2.39,0,2,3,0,875,0,66
mussimi01,2005,1,NYA,AL,13,8,30,30,2,2,0,539,199,88,23,47,142,4.41,0,2,7,0,766,0,93
mendora01,2005,1,NYA,AL,0,0,1,0,0,0,0,3,2,2,1,0,1,18,0,0,0,0,5,1,2
lillyte01,2005,1,TOR,AL,10,11,25,25,0,0,0,379,135,78,23,58,96,5.56,1,2,3,2,566,0,79
karsast01,2005,1,NYA,AL,0,0,6,0,0,0,0,18,10,4,0,2,5,6,1,0,0,0,29,2,5
karsast01,2005,2,TEX,AL,0,1,14,0,0,0,0,47,26,13,2,5,9,7.47,0,1,0,0,77,8,14
keislra01,2005,1,CIN,NL,2,1,24,4,0,0,0,168,64,39,10,28,43,6.27,2,2,1,0,262,7,45
hernaor01,2005,1,CHA,AL,9,9,24,22,0,0,1,385,137,73,18,50,91,5.12,1,3,12,2,568,1,77
clemero02,2005,1,HOU,NL,13,8,32,32,1,0,0,634,151,44,11,62,185,1.87,5,3,3,1,838,0,51
clausbr01,2005,1,CIN,NL,10,11,29,29,0,0,0,500,178,78,24,57,121,4.21,5,2,7,1,731,0,89
choatra01,2005,1,ARI,NL,0,0,8,0,0,0,0,21,8,7,0,5,4,9,1,1,1,0,35,0,7
willito02,2005,1,BAL,AL,5,5,72,0,0,0,1,229,72,28,5,26,38,3.3,4,4,3,1,321,12,34
tucketj01,2005,1,WAS,NL,1,0,13,0,0,0,0,38,20,9,4,2,5,6.39,0,1,0,0,58,1,9
vazquja01,2005,1,ARI,NL,11,15,33,33,3,1,0,647,223,106,35,46,192,4.42,4,7,5,0,904,0,112
reamebr01,2005,1,OAK,AL,0,0,2,0,0,0,0,17,10,6,2,2,4,9.53,0,1,1,0,29,0,6
ohkato01,2005,1,WAS,NL,4,3,10,9,0,0,0,162,44,20,6,27,17,3.33,1,3,1,0,231,0,23
pavanca01,2005,1,NYA,AL,4,6,17,17,1,1,0,300,129,53,17,18,56,4.77,1,2,8,1,442,0,66
ohkato01,2005,2,MIL,NL,7,6,22,20,1,1,0,379,145,61,16,28,81,4.35,4,5,2,0,543,0,65
hergema01,2005,1,SFN,NL,1,1,21,0,0,0,0,63,23,11,2,7,6,4.71,1,0,0,0,90,5,11
chenbr01,2005,1,BAL,AL,13,10,34,32,1,0,0,592,187,84,33,63,133,3.83,0,2,9,1,832,0,94
downssc01,2005,1,TOR,AL,4,3,26,13,0,0,0,282,93,45,12,34,75,4.31,0,3,5,0,407,0,49
eischjo01,2005,1,WAS,NL,2,1,57,0,0,0,0,109,34,13,1,19,30,3.22,7,5,6,1,168,14,14
hergema01,2005,2,ARI,NL,0,0,7,0,0,0,0,24,12,12,4,5,3,13.5,0,0,1,0,42,2,12
romerjc01,2005,1,MIN,AL,4,3,68,0,0,0,0,171,50,22,6,39,48,3.47,8,1,6,1,264,11,26
armasto02,2005,1,WAS,NL,7,7,19,19,0,0,0,304,100,56,16,54,59,4.97,4,6,5,2,452,0,57
santajo01,2005,1,MIN,AL,16,7,33,33,3,2,0,695,180,74,22,45,238,2.87,1,8,1,0,910,0,77
rincoju01,2005,1,MIN,AL,6,6,75,0,0,0,0,231,63,21,2,30,84,2.45,3,5,3,1,319,18,26
lohseky01,2005,1,MIN,AL,9,13,31,30,0,0,0,536,211,83,22,44,86,4.18,5,4,9,1,769,1,85
radkebr01,2005,1,MIN,AL,9,12,31,31,3,1,0,602,214,90,33,23,117,4.04,1,2,7,0,831,0,98
miltoer01,2005,1,CIN,NL,8,15,34,34,0,0,0,559,237,134,40,52,123,6.47,2,8,7,0,855,0,141
maysjo01,2005,1,MIN,AL,6,10,31,26,1,1,0,468,203,98,23,41,59,5.65,1,4,3,0,690,1,109
kinnema01,2005,1,SFN,NL,2,0,5,1,0,0,0,36,18,8,2,6,3,6,0,0,1,0,55,1,8
hawkila01,2005,2,SFN,NL,1,4,45,0,0,0,2,112,40,17,3,17,30,4.1,3,1,0,0,167,9,18
hawkila01,2005,1,CHN,NL,1,4,21,0,0,0,4,57,18,7,4,7,13,3.32,0,0,0,0,80,12,9
guarded01,2005,1,SEA,AL,2,3,58,0,0,0,36,169,52,17,7,15,48,2.72,3,1,0,0,238,55,23
wrighja01,2005,1,COL,NL,8,16,34,27,0,0,0,514,201,104,22,81,101,5.46,4,2,15,2,782,1,119
foxch02,2005,1,CHN,NL,0,0,11,0,0,0,1,24,8,6,2,8,11,6.75,0,0,0,0,38,4,6
glynnry01,2005,1,OAK,AL,0,4,5,3,0,0,0,51,24,13,5,7,15,6.88,0,0,0,0,82,2,16
kingra01,2005,1,SLN,NL,4,4,77,0,0,0,0,120,46,15,4,16,23,3.38,0,1,3,0,177,18,17
ruschgl01,2005,1,CHN,NL,9,8,46,19,1,1,0,436,175,73,14,53,111,4.52,8,1,1,1,655,6,79
sheetbe01,2005,1,MIL,NL,10,9,22,22,3,0,0,470,142,58,19,25,141,3.33,1,7,2,0,633,0,66
vizcalu01,2005,1,CHA,AL,6,5,65,0,0,0,0,210,74,29,8,29,43,3.73,6,3,2,0,305,20,30
dejeami01,2005,1,NYN,NL,3,1,28,0,0,0,0,77,36,18,3,18,17,6.31,2,2,1,0,131,12,19
dejeami01,2005,2,COL,NL,2,3,38,0,0,0,0,110,26,13,0,12,35,3.19,1,3,2,0,151,7,14
delosva01,2005,1,FLO,NL,1,2,27,0,0,0,0,66,25,15,4,12,16,6.14,3,4,2,0,103,5,15
quantpa01,2005,2,SDN,NL,1,1,22,0,0,0,0,95,37,12,2,2,24,3.41,1,0,1,0,132,7,13
quantpa01,2005,3,FLO,NL,0,1,6,0,0,0,0,16,8,5,1,5,1,8.44,0,0,0,0,28,2,7
quantpa01,2005,1,NYA,AL,1,0,22,0,0,0,0,96,48,24,5,7,11,6.75,2,0,2,1,149,6,24
perezod01,2005,1,LAN,NL,7,8,19,19,0,0,0,326,109,55,13,28,74,4.56,2,3,0,0,453,0,59
nomohi01,2005,1,TBA,AL,5,8,19,19,0,0,0,302,127,81,16,51,59,7.24,2,3,2,0,472,0,82
mulhote01,2005,1,MIN,AL,0,2,49,0,0,0,0,177,61,28,6,17,18,4.27,4,3,2,1,246,26,30
ishiika01,2005,1,NYN,NL,3,9,19,16,0,0,0,273,87,52,13,49,53,5.14,3,2,3,0,399,0,59
gagneer01,2005,1,LAN,NL,1,0,14,0,0,0,8,40,10,4,2,3,22,2.7,0,3,0,0,53,13,4
carragi01,2005,1,LAN,NL,7,4,72,0,0,0,0,227,65,33,6,38,56,3.93,5,4,6,0,326,18,35
brownke01,2005,1,NYA,AL,4,7,13,13,0,0,0,220,107,53,5,19,50,6.5,1,6,7,0,346,0,57
suppaje01,2005,1,SLN,NL,16,10,32,32,0,0,0,583,206,77,24,63,114,3.57,1,6,7,1,834,0,93
shousbr01,2005,1,TEX,AL,3,2,64,0,0,0,0,160,55,31,7,18,35,5.23,4,2,3,0,233,12,37
mayda02,2005,1,SDN,NL,1,3,22,8,0,0,0,178,73,37,10,20,32,5.61,1,0,0,0,264,9,38
mayda02,2005,2,NYA,AL,0,1,2,1,0,0,0,21,14,13,4,3,3,16.71,0,0,0,0,38,0,13
macdomi01,2005,1,KCA,AL,5,6,68,0,0,0,21,211,69,26,6,24,72,3.33,2,6,3,1,298,53,32
hernaro01,2005,1,NYN,NL,8,6,67,0,0,0,4,209,57,20,5,28,61,2.58,4,4,2,0,291,20,20
grimsja01,2005,1,BAL,AL,1,2,22,0,0,0,0,66,24,14,5,9,10,5.73,2,1,0,0,93,9,15
fieldna01,2005,1,KCA,AL,0,0,7,0,0,0,0,20,13,7,1,5,4,9.45,2,1,0,0,35,3,7
byrdpa01,2005,1,LAA,AL,12,11,31,31,2,1,0,613,216,85,22,28,102,3.74,1,1,7,0,842,0,95
affelje01,2005,1,KCA,AL,0,2,49,0,0,0,0,149,56,29,3,29,39,5.26,2,5,0,0,232,13,35
wagnebi02,2005,1,PHI,NL,4,3,75,0,0,0,38,233,45,13,6,20,87,1.51,2,3,3,1,297,70,17
stoneri01,2005,1,CIN,NL,0,0,23,0,0,0,0,92,48,23,8,7,15,6.75,2,2,2,0,143,4,24
redditi01,2005,1,SDN,NL,0,5,9,6,0,0,0,89,40,30,7,13,17,9.1,1,1,2,0,143,0,35
redditi01,2005,2,NYA,AL,0,1,1,1,0,0,0,3,4,6,0,4,2,54,0,0,0,0,11,0,6
puffebr01,2005,1,SFN,NL,0,0,3,0,0,0,0,21,9,8,2,2,1,10.29,0,0,0,0,31,2,8
oswalro01,2005,1,HOU,NL,20,12,35,35,4,1,0,725,243,79,18,48,184,2.94,3,5,8,1,1002,0,85
nitkocj01,2005,1,WAS,NL,0,0,7,0,0,0,0,10,5,3,0,2,2,8.1,0,0,0,0,17,0,3
millewa04,2005,1,BOS,AL,4,4,16,16,0,0,0,273,96,50,8,47,64,4.95,0,6,3,0,414,0,53
linebsc01,2005,1,SDN,NL,8,1,73,0,0,0,1,221,55,15,4,23,70,1.83,4,3,0,0,288,17,17
frankwa01,2005,1,NYA,AL,0,1,13,0,0,0,0,38,11,9,1,8,10,6.39,0,0,1,0,57,2,12
lidgebr01,2005,1,HOU,NL,4,4,70,0,0,0,42,212,58,18,5,23,103,2.29,1,8,3,0,291,65,21
doteloc01,2005,1,OAK,AL,1,2,15,0,0,0,7,46,10,6,2,11,16,3.52,2,1,0,0,65,13,6
brocado01,2005,1,TEX,AL,5,3,61,0,0,0,1,220,90,45,2,34,61,5.52,3,4,4,0,344,13,48
tejermi01,2005,1,TEX,AL,0,0,3,0,0,0,0,6,5,3,1,1,2,13.5,0,1,1,0,13,1,3
tavarju01,2005,1,SLN,NL,2,3,74,0,0,0,4,197,68,25,6,19,47,3.43,4,1,8,0,278,16,28
pennybr01,2005,1,LAN,NL,7,9,29,29,1,0,0,526,185,76,17,41,122,3.9,2,3,3,0,738,0,78
loopebr01,2005,1,NYN,NL,4,7,60,0,0,0,28,178,65,26,7,22,27,3.94,3,1,5,0,271,54,31
grillja01,2005,1,DET,AL,1,1,3,2,0,0,0,48,14,6,1,6,5,3.38,0,0,0,0,63,0,6
dempsry01,2005,1,CHN,NL,5,3,63,6,0,0,33,276,83,32,4,49,89,3.13,7,4,4,0,401,53,35
darenvi01,2005,1,DET,AL,1,1,22,0,0,0,0,67,24,7,2,7,9,2.82,2,0,0,0,96,4,7
burneaj01,2005,1,FLO,NL,12,12,32,32,4,2,0,627,184,80,12,79,198,3.44,1,12,7,0,873,0,97
almanar01,2005,1,ARI,NL,0,0,6,0,0,0,0,12,5,1,1,3,2,2.25,0,1,0,0,19,1,1
beckejo02,2005,1,FLO,NL,15,8,29,29,2,1,0,536,153,67,14,58,166,3.38,2,5,7,0,729,0,75
weaveje01,2005,1,LAN,NL,14,11,34,34,3,2,0,672,220,105,35,43,157,4.22,1,2,18,0,930,0,111
walkeja01,2005,1,DET,AL,4,3,66,0,0,0,0,146,49,20,5,13,30,3.7,3,0,2,0,208,11,22
santaju01,2005,1,MIL,NL,3,5,41,0,0,0,1,126,34,21,6,19,49,4.5,4,5,0,0,177,12,21
rodnefe01,2005,1,DET,AL,2,3,39,0,0,0,9,132,39,14,5,17,42,2.86,3,2,2,0,185,26,14
redmama01,2005,1,PIT,NL,5,15,30,30,2,1,0,535,188,97,18,56,101,4.9,3,7,2,3,751,0,100
limajo01,2005,1,KCA,AL,5,16,32,32,1,0,0,506,219,131,31,61,80,6.99,1,5,9,0,780,0,140
moehlbr01,2005,1,FLO,NL,6,12,37,25,0,0,0,475,198,80,16,42,95,4.55,9,1,5,0,696,4,82
bernead01,2005,1,ATL,NL,4,3,36,0,0,0,0,141,61,34,5,12,37,6.51,3,1,4,0,216,12,35
greisse01,2005,1,ATL,NL,0,0,1,1,0,0,0,15,7,2,1,1,2,3.6,0,0,0,0,21,0,2
anderma01,2005,1,COL,NL,0,0,12,0,0,0,0,30,19,14,3,11,4,12.6,0,0,2,0,62,6,17
whiteri01,2005,1,PIT,NL,4,7,71,0,0,0,2,225,90,31,3,29,40,3.72,10,4,4,0,338,23,39
thomsjo01,2005,1,ATL,NL,4,6,17,17,1,0,0,296,111,49,6,28,61,4.47,2,3,2,0,427,0,52
speieju01,2005,1,TOR,AL,3,2,65,0,0,0,0,200,48,19,10,15,56,2.56,1,1,3,1,264,36,20
santovi01,2005,1,MIL,NL,4,13,29,24,1,0,0,425,153,72,20,60,89,4.57,8,7,5,0,640,2,87
reyesde01,2005,1,SDN,NL,3,2,36,1,0,0,0,131,57,25,3,32,35,5.15,2,3,1,1,215,9,30
hamptmi01,2005,1,ATL,NL,5,3,12,12,1,1,0,208,74,27,5,18,27,3.5,0,1,0,0,284,0,28
jennija01,2005,1,COL,NL,6,9,20,20,1,0,0,366,130,68,11,62,75,5.02,4,8,5,0,551,0,73
jonesto02,2005,1,FLO,NL,1,5,68,0,0,0,40,219,61,17,2,14,62,2.1,2,2,3,0,289,55,19
merckke01,2005,1,CIN,NL,3,1,78,0,0,0,4,185,64,25,8,19,45,3.65,4,1,3,0,265,23,27
elartsc01,2005,1,CLE,AL,11,9,31,31,1,0,0,545,189,93,32,48,103,4.61,1,4,6,1,774,0,100
fuentbr01,2005,1,COL,NL,2,5,78,0,0,0,31,223,59,24,6,34,91,2.91,4,8,10,0,321,55,25
wrighja02,2005,1,NYA,AL,5,5,13,13,0,0,0,191,81,43,8,32,34,6.08,1,4,6,0,302,0,51
chacosh01,2005,2,NYA,AL,7,3,14,12,0,0,0,237,66,25,7,30,40,2.85,0,3,6,1,330,0,26
chacosh01,2005,1,COL,NL,1,7,13,12,0,0,0,218,69,33,7,36,39,4.09,4,3,8,0,322,0,33
sabatcc01,2005,1,CLE,AL,15,10,31,31,1,0,0,590,185,88,19,62,161,4.03,1,7,7,0,823,0,92
wickmbo01,2005,1,CLE,AL,0,4,64,0,0,0,45,186,57,17,9,21,41,2.47,3,0,1,1,257,55,17
westbja01,2005,1,CLE,AL,15,15,34,34,2,0,0,632,218,105,19,56,119,4.49,3,3,7,0,895,0,121
riskeda01,2005,1,CLE,AL,3,4,58,0,0,0,1,218,55,25,11,15,48,3.1,0,0,4,0,288,33,28
rincori01,2005,1,OAK,AL,1,1,67,0,0,0,0,112,34,18,7,20,27,4.34,4,1,1,0,162,4,19
dresery01,2005,2,WAS,NL,3,6,11,11,0,0,0,179,66,33,3,22,26,4.98,1,3,5,0,266,0,38
graveda01,2005,2,NYN,NL,0,0,20,0,0,0,0,61,29,13,5,8,12,5.75,1,0,3,0,98,11,17
reitsch01,2005,1,ATL,NL,3,6,76,0,0,0,15,220,79,32,3,14,42,3.93,3,2,0,0,307,37,32
whitega01,2005,1,SLN,NL,0,0,6,0,0,0,0,25,14,2,1,1,1,2.16,1,0,0,0,38,3,2
willisc01,2005,1,CHN,NL,0,0,17,0,0,0,0,43,15,9,3,6,23,5.65,0,4,2,1,65,4,9
baezda01,2005,1,TBA,AL,5,4,67,0,0,0,41,217,66,23,7,30,51,2.86,0,0,2,0,308,64,27
colonba01,2005,1,LAA,AL,21,8,33,33,2,0,0,668,215,86,26,43,157,3.48,0,2,3,1,906,0,93
dresery01,2005,1,TEX,AL,4,6,12,12,1,0,0,209,96,50,5,24,20,6.46,1,1,3,0,317,0,52
graveda01,2005,1,CIN,NL,1,1,20,0,0,0,10,55,30,15,4,12,8,7.36,3,3,0,0,99,18,18
etherse01,2005,1,OAK,AL,1,1,3,3,0,0,0,53,16,13,4,5,10,6.62,0,1,0,1,74,0,13
desseel01,2005,1,LAN,NL,1,2,28,7,0,0,0,197,63,26,6,19,37,3.56,2,1,1,0,277,4,30
dingmcr01,2005,1,DET,AL,2,3,34,0,0,0,4,96,30,13,5,9,24,3.66,0,0,1,0,128,18,14
broweji01,2005,1,SFN,NL,2,1,32,0,0,0,1,91,40,22,5,15,25,6.53,0,2,2,0,144,8,22
almanca01,2005,1,TEX,AL,0,0,6,0,0,0,0,15,10,8,2,7,3,14.4,0,4,1,0,33,2,8
broweji01,2005,2,ATL,NL,1,2,37,0,0,0,0,90,33,14,6,17,28,4.2,3,2,3,0,138,4,14
acevejo01,2005,1,COL,NL,2,4,36,5,0,0,1,192,86,46,13,16,31,6.47,3,0,1,1,292,7,48
woodke02,2005,1,CHN,NL,3,4,21,10,0,0,0,198,52,31,14,26,77,4.23,0,0,2,0,273,4,32
zambrca01,2005,1,CHN,NL,14,6,33,33,2,0,0,670,170,81,21,86,202,3.26,3,7,8,0,909,0,88
priorma01,2005,1,CHN,NL,11,7,27,27,1,0,0,500,143,68,25,59,188,3.67,2,4,4,1,701,0,73
liebejo01,2005,1,PHI,NL,17,13,35,35,1,0,0,655,223,102,33,41,149,4.2,6,3,5,0,912,0,107
mahayro01,2005,1,TEX,AL,0,2,30,0,0,0,1,107,47,27,8,16,30,6.81,1,2,0,0,167,9,28
ohmanwi01,2005,1,CHN,NL,2,2,69,0,0,0,0,130,32,14,6,24,45,2.91,3,6,3,1,187,13,14
gordoto01,2005,1,NYA,AL,5,4,79,0,0,0,2,242,59,23,8,29,69,2.57,4,1,0,1,324,17,25
fasseje01,2005,1,SFN,NL,4,7,48,6,0,0,0,273,92,41,7,31,60,4.05,1,3,0,0,384,11,48
farnsky01,2005,2,ATL,NL,0,0,26,0,0,0,10,82,15,6,4,7,32,1.98,0,1,2,1,103,18,6
farnsky01,2005,1,DET,AL,1,1,46,0,0,0,6,128,29,11,1,20,55,2.32,0,2,1,0,174,16,12
cruzju02,2005,1,OAK,AL,0,3,28,0,0,0,0,98,38,27,5,22,34,7.44,4,3,4,0,159,14,33
alfonan01,2005,1,FLO,NL,1,1,33,0,0,0,0,82,29,15,2,14,16,4.94,4,1,2,0,118,1,15
borowjo01,2005,2,TBA,AL,1,5,32,0,0,0,0,106,26,15,3,11,16,3.82,1,1,0,0,137,4,15
borowjo01,2005,1,CHN,NL,0,0,11,0,0,0,0,33,12,8,5,1,11,6.55,0,0,0,0,47,3,8
clemema01,2005,1,BOS,AL,13,6,32,32,1,0,0,573,192,97,18,68,146,4.57,1,13,16,0,830,0,102
wunscke01,2005,1,LAN,NL,1,1,46,0,0,0,0,71,20,12,2,14,22,4.56,2,2,2,0,105,6,12
glovega01,2005,1,MIL,NL,5,4,15,11,0,0,0,194,74,40,10,20,58,5.57,0,3,2,0,284,1,41
osunaan01,2005,1,WAS,NL,0,0,4,0,0,0,0,7,9,11,2,7,0,42.43,1,0,0,0,23,1,11
marteda01,2005,1,CHA,AL,3,4,66,0,0,0,4,136,45,19,5,33,54,3.77,4,1,3,1,213,15,21
howrybo01,2005,1,CLE,AL,7,4,79,0,0,0,3,219,49,20,4,16,48,2.47,1,0,0,0,277,24,23
gintema01,2005,1,DET,AL,0,1,14,1,0,0,0,105,49,24,6,9,15,6.17,1,0,2,0,157,2,25
garlajo01,2005,1,CHA,AL,18,10,32,32,3,3,0,663,212,86,26,47,115,3.5,3,2,7,0,901,0,92
buehrma01,2005,1,CHA,AL,16,8,33,33,3,1,0,710,240,82,20,40,149,3.12,4,2,4,2,971,0,99
foulkke01,2005,1,BOS,AL,5,5,43,0,0,0,15,137,53,30,8,18,34,5.91,1,0,5,0,210,37,30
martipe02,2005,1,NYN,NL,15,8,31,31,4,1,0,651,159,68,19,47,208,2.82,3,4,4,0,843,0,69
urbinug01,2005,1,DET,AL,1,3,25,0,0,0,9,82,21,8,4,14,31,2.63,2,1,1,0,116,14,9
urbinug01,2005,2,PHI,NL,4,3,56,0,0,0,1,157,35,24,8,25,66,4.13,2,0,0,0,214,8,25
wakefti01,2005,1,BOS,AL,16,12,33,33,3,0,0,676,210,104,35,68,151,4.15,4,8,11,0,943,0,113
fossuca01,2005,1,TBA,AL,8,12,36,25,0,0,0,488,170,89,21,60,128,4.92,3,8,18,1,725,1,100
kimsu01,2005,1,WAS,NL,1,2,12,2,0,0,0,88,41,20,3,8,17,6.14,2,1,2,0,135,3,20
lowede01,2005,1,LAN,NL,12,15,35,35,2,2,0,666,223,89,28,55,146,3.61,1,3,5,2,934,0,113
kimsu01,2005,2,COL,NL,5,1,12,8,1,1,0,160,56,25,7,13,38,4.22,0,3,1,0,228,0,26
hermadu01,2005,1,CHA,AL,2,4,57,0,0,0,34,172,46,13,4,17,33,2.04,4,3,1,0,228,45,17
betanra01,2005,1,CLE,AL,4,3,54,0,0,0,1,203,57,21,5,17,73,2.79,2,0,0,0,272,12,23
castifr01,2005,1,FLO,NL,0,1,1,1,0,0,0,13,4,5,0,5,4,10.38,0,0,0,0,22,0,5
ponsosi01,2005,1,BAL,AL,7,11,23,23,1,0,0,391,177,90,16,48,68,6.21,1,10,3,0,595,0,97
ryanbj01,2005,1,BAL,AL,1,4,69,0,0,0,36,211,54,19,4,26,100,2.43,2,5,2,0,290,61,20
rileyma01,2005,1,TEX,AL,1,0,7,0,0,0,0,38,16,14,2,10,4,9.95,0,1,1,1,62,0,14
parrijo01,2005,1,BAL,AL,1,0,14,0,0,0,0,52,19,6,1,17,25,3.12,1,6,0,0,86,2,6
lopezro01,2005,1,BAL,AL,15,12,35,35,0,0,0,628,232,114,28,63,118,4.9,1,5,7,1,918,0,126
juliojo01,2005,1,BAL,AL,3,5,67,0,0,0,0,215,76,47,14,24,58,5.9,4,10,2,0,313,19,50
johnsja02,2005,1,DET,AL,8,13,33,33,1,0,0,630,233,106,23,49,93,4.54,4,17,6,0,888,0,117
groombu01,2005,2,ARI,NL,0,1,23,0,0,0,1,46,19,8,2,5,7,4.7,1,0,0,0,70,5,8
groombu01,2005,1,NYA,AL,1,0,24,0,0,0,0,77,32,14,3,7,13,4.91,2,0,3,0,116,8,14
drisktr01,2005,1,HOU,NL,0,0,1,0,0,0,0,3,1,0,0,0,2,0,0,0,0,0,4,1,0
ericksc01,2005,1,LAN,NL,1,4,19,8,0,0,0,166,62,37,12,25,15,6.02,0,1,4,0,249,6,37
douglse01,2005,1,DET,AL,5,5,18,16,0,0,0,262,92,54,13,33,55,5.56,2,2,2,0,374,1,57
bedarer01,2005,1,BAL,AL,6,8,24,24,0,0,0,425,139,63,10,57,125,4,1,4,5,1,606,0,66
bauerri01,2005,1,BAL,AL,0,0,5,0,0,0,0,25,13,9,2,4,5,9.72,0,0,0,0,40,2,9
wheelda01,2005,1,HOU,NL,2,3,71,0,0,0,3,220,53,18,7,19,69,2.21,3,0,3,0,288,20,18
remlimi01,2005,2,BOS,AL,0,0,8,0,0,0,0,20,15,11,2,5,5,14.85,0,2,0,0,41,2,14
remlimi01,2005,1,CHN,NL,0,3,35,0,0,0,0,99,31,18,5,12,30,4.91,2,0,2,0,141,7,19
smoltjo01,2005,1,ATL,NL,14,7,33,33,3,1,0,689,210,78,18,53,169,3.06,7,2,1,1,931,0,83
millwke01,2005,1,CLE,AL,9,11,30,30,1,0,0,576,182,61,20,52,146,2.86,0,2,4,0,799,0,72
ramirho01,2005,1,ATL,NL,11,9,33,32,1,1,0,607,214,104,31,67,80,4.63,4,4,2,1,847,0,108
marquja01,2005,1,SLN,NL,13,14,33,32,3,1,0,621,206,95,29,69,100,4.13,2,10,5,3,868,0,110
maddugr01,2005,1,CHN,NL,13,15,35,35,3,0,0,675,239,106,29,36,136,4.24,4,8,7,0,936,0,112
ligteke01,2005,1,ARI,NL,0,0,7,0,0,0,0,29,16,15,4,4,5,13.97,0,0,0,0,48,2,15
hammoch01,2005,1,SDN,NL,5,1,55,0,0,0,0,176,51,25,9,14,34,3.84,0,0,2,0,242,17,25
gryboke01,2005,1,ATL,NL,0,0,31,0,0,0,0,64,24,7,0,12,8,2.95,3,1,2,0,99,7,10
mantema01,2005,1,BOS,AL,1,0,34,0,0,0,0,79,23,19,1,24,22,6.49,1,5,5,0,125,5,20
myersmi01,2005,1,BOS,AL,3,1,65,0,0,0,0,112,30,13,3,13,21,3.13,2,0,2,0,151,11,14
pattejo02,2005,1,WAS,NL,9,7,31,31,2,1,0,595,172,69,19,65,185,3.13,11,9,5,1,817,0,71
schilcu01,2005,1,BOS,AL,8,8,32,11,0,0,9,280,121,59,12,22,87,5.69,0,1,3,1,418,21,59
fostejo01,2005,1,ATL,NL,4,2,62,0,0,0,1,104,27,16,3,19,32,4.15,0,1,2,0,150,9,17
glavito02,2005,1,NYN,NL,13,13,33,33,2,1,0,634,227,83,12,61,105,3.53,5,1,3,0,901,0,88
gryboke01,2005,2,TEX,AL,1,1,11,0,0,0,0,29,17,12,1,8,2,11.17,2,1,1,0,55,2,15
koplomi01,2005,1,ARI,NL,2,1,44,0,0,0,0,149,48,28,6,20,28,5.07,3,1,6,1,217,11,31
kimby01,2005,1,COL,NL,5,12,40,22,0,0,0,444,156,80,17,71,115,4.86,8,11,14,1,667,3,82
johnsra05,2005,1,NYA,AL,17,8,34,34,4,0,0,677,207,95,32,47,211,3.79,2,3,12,1,920,0,102
wisema01,2005,1,MIL,NL,4,4,49,0,0,0,1,193,37,24,6,25,62,3.36,5,1,3,1,262,11,25
anderbr02,2005,1,KCA,AL,1,2,6,6,0,0,0,92,39,23,7,4,17,6.75,1,0,0,1,133,0,24
batismi01,2005,1,TOR,AL,5,8,71,0,0,0,31,224,80,34,9,27,54,4.1,5,3,2,0,331,62,39
helliri01,2005,1,MIL,NL,3,1,15,7,0,0,0,147,39,13,2,18,42,2.39,1,1,2,0,199,2,13
washbja01,2005,1,LAA,AL,8,8,29,29,1,1,0,532,184,63,19,51,94,3.2,0,2,8,0,740,0,66
weberbe01,2005,1,CIN,NL,0,0,10,0,0,0,0,37,20,11,0,9,8,8.03,1,0,1,0,66,3,11
schoesc01,2005,1,TOR,AL,3,4,80,0,0,0,1,171,54,21,2,25,43,3.32,5,2,4,0,250,15,23
seleaa01,2005,1,SEA,AL,6,12,21,21,1,1,0,348,147,73,18,41,53,5.66,2,2,5,0,523,0,76
shielsc01,2005,1,LAA,AL,10,11,78,0,0,0,7,275,66,28,5,37,98,2.75,2,12,2,0,375,21,33
ortizra01,2005,1,CIN,NL,9,11,30,30,1,0,0,514,206,102,34,51,96,5.36,1,4,7,1,755,0,110
percitr01,2005,1,DET,AL,1,3,26,0,0,0,8,75,19,16,7,11,20,5.76,3,0,2,0,107,23,16
levinal01,2005,1,SFN,NL,0,0,9,0,0,0,0,31,16,11,2,4,4,9.58,1,0,0,0,51,4,11
